{
  "easy": [
    {
      "word": "friend",
      "syllables": ["friend"],
      "definition": "A person you like and know well",
      "origin": "Old English 'freond', from Germanic root meaning 'to love'",
      "example": "My best friend and I love to play together.",
      "prefix": "",
      "suffix": "",
      "prefixMeaning": "",
      "suffixMeaning": "",
      "pronunciation": "FREND"
    },
    {
      "word": "happy",
      "syllables": ["hap", "py"],
      "definition": "Feeling or showing pleasure and contentment",
      "origin": "Middle English 'happy', from 'hap' meaning luck or fortune",
      "example": "The children were happy to see the circus.",
      "prefix": "hap",
      "suffix": "py",
      "prefixMeaning": "luck, fortune",
      "suffixMeaning": "characterized by",
      "pronunciation": "HAP-ee"
    }
  ],
  "medium": [
    {
      "word": "necessary",
      "syllables": ["nec", "es", "sar", "y"],
      "definition": "Required to be done or achieved; essential",
      "origin": "Latin 'necessarius', from 'necesse' meaning unavoidable",
      "example": "It is necessary to study hard for the test.",
      "prefix": "necess",
      "suffix": "ary",
      "prefixMeaning": "unavoidable",
      "suffixMeaning": "related to",
      "pronunciation": "NES-uh-ser-ee"
    }
  ],
  "tricky": [
    {
      "word": "chrysanthemum",
      "syllables": ["chry", "san", "the", "mum"],
      "definition": "A type of flower with many thin petals",
      "origin": "Greek 'chrysos' (gold) + 'anthemon' (flower)",
      "example": "The chrysanthemum bloomed beautifully in autumn.",
      "prefix": "chryso",
      "suffix": "anthemum",
      "prefixMeaning": "gold",
      "suffixMeaning": "flower",
      "pronunciation": "kri-SAN-thuh-mum"
    }
  ]
}
